text,label
Warner Music Group,Entertainment
night essence,Personal Care
peel-off mask,Personal Care
utensils,Housing
rollers,Housing
A24 Films,Entertainment
body butter,Personal Care
Dorm Fees,Education
Coat,Miscellaneous
watermelon,Food
hairbrush,Personal Care
cologne,Personal Care
sealant,Housing
Adidas,Miscellaneous
Internet service,Technology
screws,Housing
Turtleneck,Miscellaneous
water softener,Housing
falafel,Food
sparkling water,Food
Credit card payments,Miscellanous
Ankle boots,Miscellaneous
smoothies,Food
body wash,Housing
Amazon purchase,Miscellanous
Northwestern Mutual Life Insurance,Personal Care
kimchi,Food
cucumbers,Food
scalp treatment,Personal Care
Espadrilles,Miscellaneous
Skincare,Personal Care
Movie Theatre,Entertainment
Apples,Food
Camisole,Miscellaneous
Malibu,Food
Sports car purchase,Transportation
toothbrush,Personal Care
Power bank,Technology
Whiteboard,Education
toothbrush,Housing
candles,Housing
shower curtain,Housing
hummus,Food
lotion,Housing
Multivitamins,Food
Oil change,Transportation
Unilever,Food
night exfoliator,Personal Care
Down jacket,Miscellaneous
soap,Housing
couscous,Food
ViacomCBS,Entertainment
leave-in conditioner,Personal Care
Boots,Miscellaneous
vodka,Food
Groceries at Walmart,Food
Green Giant,Food
VPN,Technology
night toner,Personal Care
level,Housing
lotion,Personal Care
whiskey,Food
water softener,Housing
lip liner,Personal Care
Redbull,Food
spinach,Food
tape measure,Housing
comb,Personal Care
Marker,School Supplies
almonds,Food
Skateboard,Miscellanous
Bandana,Miscellaneous
quiches,Food
pencil,School Supplies
Interscope Records,Entertainment
vodka,Food
Prescription medications,Personal Care
SoundCloud,Entertainment
hair mask,Personal Care
Rent,Housing
landscaping,Housing
Car purchase,Transportation
Sheath dress,Miscellaneous
glue,Housing
Oxfords,Miscellaneous
hair straightener,Personal Care
Hertz Car Rental,Personal Care
night ampoule,Personal Care
Heinz,Food
peaches,Food
Game console,Technology
Tire replacement,Transportation
Chobani,Food
air freshener,Housing
Graduation Cap,Miscellanous
night essence,Personal Care
Barilla,Food
Train ticket,Transportation
Book cover,School Supplies
conditioner,Personal Care
nail top coat,Personal Care
Bertolli,Food
Bus pass,Transportation
AMC Movie Ticket,Entertainment
level,Housing
Software,Technology
conditioner,Housing
Pencil case,School Supplies
Convertible,Transportation
rollers,Housing
plumbing repairs,Housing
night treatment,Personal Care
hair wax,Personal Care
Amtrak Train Ticket,Transportation
internet,Housing
sushi,Food
Graph paper,School Supplies
Parking permit,Transportation
salads,Food
Gaming Computer,Technology
Apple Macbook,Technology
IKEA Nightstand,Housing
body wash,Housing
cucumbers,Food
Wireless charger,Technology
Enterprise Car Rental,Personal Care
20th Century Studios,Entertainment
night oil,Personal Care
Running shoes,Miscellaneous
Clarks,Miscellaneous
Adidas NMD Shoes,Miscellanous
Keyboard,Technology
YouTube Music,Entertainment
Bicycle maintenance,Transportation
Off-shoulder top,Miscellaneous
hand sanitizer,Housing
Home Maintenance,Housing
EMI Group,Entertainment
Sun hat,Miscellaneous
cashews,Food
Sports car purchase,Transportation
utilities,Housing
Water bill,Housing
nails,Housing
Motorcycle insurance,Transportation
bucket,Housing
night balm,Personal Care
Map/GPS device,Transportation
burgers,Food
body lotion,Personal Care
Dr Martens,Miscellaneous
Dinner at Olive Garden,Food
Van Cleef & Arpels,Miscellaneous
Lowe's Garden Center House Plants,Housing
AMC,Entertainment
shower curtain,Housing
face mask,Personal Care
Music Purchases,Entertainment
Blazer,Miscellaneous
The Coffee Bean Expresso,Food
RCA Records,Entertainment
smoke alarm batteries,Housing
kale,Food
Bicycle repair,Transportation
Hybrid car,Transportation
Bike,Transportation
jams,Food
hair vitamins,Personal Care
nails,Housing
mushrooms,Food
Khakis,Miscellaneous
Suit from Men's Wearhouse,Miscellanous
Hoka One One,Miscellaneous
Lionsgate Films,Entertainment
Calendar,School Supplies
Fitbit,Technology
La Costena,Food
hand soap,Housing
tortillas,Food
Calculators,School Supplies
potato salad,Food
Bandcamp,Entertainment
DMV Vehicle Registration,Transportation
flavored water,Food
makeup sponge,Personal Care
Golf Balls,Miscellanous
peanuts,Food
Dorm Fees,Education
mineral water,Food
Apple iPad Pro,Technology
candles,Housing
shampoo,Housing
sealant,Housing
caulk,Housing
Binder clips,School Supplies
conditioner,Housing
Microwave,Technology
Motorcycle,Transportation
Quaker Oats,Food
pickles,Food
Cloud storage,Technology
Cartier,Miscellaneous
safety goggles,Housing
eyeliner,Personal Care
Chinos,Miscellaneous
Textbooks,School Supplies
ham,Food
Fedora,Miscellaneous
bucket,Housing
Veuve Clicquot,Food
Composition book,School Supplies
foot gel,Personal Care
Lindt,Food
Car Dashcam,Technology
energy drinks,Food
Cape,Miscellaneous
Minivan,Transportation
Science Tutor,Personal Care
Game console,Technology
Computer,Technology
DreamWorks Animation,Entertainment
bananas,Food
blush,Personal Care
Child daycare,Miscellanous
whiskey,Food
utilities,Housing
Dr. Oetker,Food
olive oil,Food
Rent,Housing
peas,Food
Dress,Miscellaneous
recycling service,Housing
Balmain,Miscellaneous
Ramen,Food
nail stickers,Personal Care
razor,Housing
Adidas NMD Shoes,Miscellanous
rum,Food
disinfectant wipes,Housing
Philips Sonicare Toothbrush,Personal Care
tool chest,Housing
soy sauce,Food
Apple,Technology
candles,Housing
Stapler,School Supplies
salsa,Food
body butter,Personal Care
Carwash,Miscellanous
Compact car,Transportation
Car lease,Transportation
Coupe purchase,Transportation
fire extinguisher,Housing
Massage Envy Spa Session,Personal Care
Bulgari,Miscellaneous
smart home devices,Housing
iced tea,Food
toilet paper,Housing
coleslaw,Food
fire extinguisher maintenance,Housing
recycling service,Housing
Louboutin,Miscellaneous
night lotion,Personal Care
ConAgra Brands,Food
Versace,Miscellaneous
Eraser,School Supplies
Registration fee,Transportation
sheet mask,Personal Care
shampoo,Housing
juices,Food
heating bill,Housing
eyebrow pencil,Personal Care
Truck purchase,Transportation
Kitchen Faucet Replacement,Housing
nail clippers,Personal Care
overnight mask,Personal Care
Prada,Miscellaneous
Atlantic Records,Entertainment
Compact car,Transportation
water filter,Housing
Merrell,Miscellaneous
Southern Comfort,Food
Stonyfield Farm,Food
conditioner,Housing
Adidas Ultraboost Shoes,Miscellanous
Burberry,Miscellaneous
home automation,Housing
body scrub,Personal Care
Motorcycle insurance,Transportation
tissues,Housing
risotto,Food
Pen,School Supplies
Cape,Miscellaneous
Hormel Foods,Food
Car rental,Transportation
Car wash membership,Transportation
cleaning supplies,Housing
baklava,Food
body wash,Personal Care
Landscaping,Housing
Earmuffs,Miscellaneous
landscaping,Housing
Landscaping,Housing
Bike lock,Transportation
fish,Food
Taxi fare,Transportation
Gaming Computer,Technology
Apple Watch,Technology
smart home devices,Housing
air freshener,Housing
Ameritas Dental Insurance,Personal Care
Bus pass,Transportation
lotion,Housing
hair mask,Personal Care
falafel,Food
Jameson,Food
cookies,Food
Air Purifier,Technology
Toothpicks,Personal Care
Baby clothes,Miscellanous
Coupe,Transportation
Keyboard,Technology
gin,Food
wrench,Housing
Football,Miscellanous
toothbrush,Housing
paper towels,Housing
soap,Personal Care
lip mask,Personal Care
safety goggles,Housing
Station wagon purchase,Transportation
safety goggles,Housing
Sneakers,Miscellaneous
Oil change,Transportation
body butter,Personal Care
Wearable tech,Technology
Bicycle accessories,Transportation
moisturizer,Personal Care
Smartwatch,Technology
Bike helmet,Transportation
Traffic violation tickets,Miscellanous
ketchup,Food
Vaseline,Personal Care
almond butter,Food
Meal Plans,Education
Mars,Food
Costco Groceries,Food
lip mask,Personal Care
toothbrush,Housing
razor,Housing
Windows PC,Technology
Battery,Technology
crackers,Food
SoundCloud,Entertainment
tool chest,Housing
smart lights,Housing
Breguet,Miscellaneous
nail file,Personal Care
ladder,Housing
body wash,Housing
salads,Food
paper towels,Housing
shaving cream,Housing
Compact car purchase,Transportation
onion rings,Food
conditioner,Housing
Supercuts Haircut,Personal Care
body wash,Housing
flashlight,Housing
Speakers,Technology
Mousepad,Miscellanous
Apples,Food
Camisole,Miscellaneous
matches,Housing
Chipotle burrito,Food
NBA tickets,Entertainment
tequila,Food
Cables,Technology
Pepsi,Food
shampoo,Housing
Virgin Records,Entertainment
walnuts,Food
Tape,School Supplies
lotion,Housing
burritos,Food
hair pins,Personal Care
PRONTO San Diego Bus MTS Pass,Transportation
toothpaste,Housing
garlic,Food
Christmas decorations,Miscellanous
Electric vehicle charging station,Transportation
YouTube Music,Entertainment
Bike lock,Transportation
roof replacement,Housing
Vape,Miscellanous
night mist,Personal Care
water filter,Housing
Prada,Miscellaneous
energy drinks,Food
water,Housing
Appliances,Housing
Comcast Xfinity Internet Bill,Housing
eye mask,Personal Care
setting spray,Personal Care
night lotion,Personal Care
McDonald's Big Mac Meal,Food
Coca-Cola,Food
pet insurance,Housing
Glue,School Supplies
face mist,Personal Care
hair clips,Personal Care
comb,Personal Care
Cropped pants,Miscellaneous
Watch,Miscellanous
Car maintenance,Transportation
home repairs,Housing
Anorak,Miscellaneous
Mobile phone bill,Technology
Sony Music Entertainment,Entertainment
night concentrate,Personal Care
ironing board,Housing
toothpaste,Personal Care
HOA insurance,Housing
Armani,Miscellaneous
CPU,Technology
night concentrate,Personal Care
Perscription Sunglasses,Personal Care
shampoo,Personal Care
Corona,Food
level,Housing
extension cord,Housing
Raincoat,Miscellaneous
Kraft,Food
flavored water,Food
Crest 3D White Brilliance 2-Step Toothpaste,Personal Care
beans,Food
laundry detergent,Housing
Compact car purchase,Transportation
paintbrushes,Housing
Car rental,Transportation
celery,Food
Sun hat,Miscellaneous
Shawl,Miscellaneous
Cropped pants,Miscellaneous
hammer,Housing
smart thermostats,Housing
tacos,Food
Comcast Xfinity Internet Bill,Housing
Scissors,School Supplies
Index cards,School Supplies
smoke alarm batteries,Housing
mashed potatoes,Food
Desk organizer,School Supplies
The Coffee Bean Latte,Food
Moet & Chandon,Food
hair pomade,Personal Care
Godiva,Food
Sports Event Tickets,Entertainment
broccoli,Food
fire alarm batteries,Housing
Books at Barnes & Noble,Education
liqueurs,Food
gloves,Housing
Dinner at Olive Garden,Food
hammer,Housing
nail brush,Personal Care
paint,Housing
water softener,Housing
Midsize car,Transportation
paint,Housing
salsa,Food
Electric scooter,Transportation
Avis Car Rental,Personal Care
Textbook,School Supplies
Sandals,Miscellaneous
Taxi fare,Transportation
Bus pass,Transportation
Stock investments,Miscellanous
first aid kit,Housing
Philips Sonicare Replacement Brush Heads,Personal Care
Netflix subscription,Entertainment
Hermes,Miscellaneous
wrench,Housing
hand mask,Personal Care
ham,Food
Brake service,Transportation
air filters,Housing
Blue Cross Blue Shield Health Insurance,Personal Care
coat rack,Housing
Protractor,School Supplies
Hulu subscription,Entertainment
Peanut Butter,Food
shaving cream,Housing
Hatchback,Transportation
Beyblade,Miscellanous
air filters,Housing
Train ticket,Transportation
oats,Food
Chelsea boots,Miscellaneous
SD card,Technology
Loafers,Miscellaneous
Tire replacement,Transportation
workbench,Housing
Sedan purchase,Transportation
face wash,Personal Care
rollers,Housing
Hybrid car,Transportation
ViacomCBS,Entertainment
tape measure,Housing
Stylus,Technology
Jeans,Miscellaneous
Nike,Miscellaneous
Ben & Jerrys,Food
night primer,Personal Care
Off-road vehicle,Transportation
hammer,Housing
Truck,Transportation
Airfryer,Technology
Electric skateboard,Transportation
first aid kit,Housing
Mizuno,Miscellaneous
Car maintenance,Transportation
caulk,Housing
Public Transit,Transportation
Water Bottles,Food
ice cream,Food
curtains,Housing
nail decals,Personal Care
burgers,Food
lawn care,Housing
Skincare,Personal Care
lemonade,Food
Monitor,Technology
Soccer ball,Miscellanous
gloves,Housing
Health supplements,Personal Care
tofu,Food
curry,Food
Smartwatch,Technology
Plane ticket,Transportation
curry,Food
watermelon,Food
popsicles,Food
Versace,Miscellaneous
Midsize car purchase,Transportation
Tillamook,Food
manicure set,Personal Care
Focus Features,Entertainment
hot dogs,Food
External hard drive,Technology
Fendi,Miscellaneous
smart locks,Housing
Electric scooter,Transportation
Spotify,Entertainment
cleaning supplies,Housing
disinfectant wipes,Housing
onions,Food
Apple Music,Entertainment
Off-road vehicle purchase,Transportation
pest control,Housing
Luxury car,Transportation
Chiquita,Food
nail polish remover,Personal Care
mashed potatoes,Food
Ring home security system,Technology
Jim Beam,Food
custard,Food
Arm warmers,Miscellaneous
storage bins,Housing
Notebooks,School Supplies
External monitor,Technology
tape measure,Housing
stir-fry,Food
smoke alarm batteries,Housing
rice cakes,Food
tape measure,Housing
dry shampoo,Personal Care
Bicycle accessories,Transportation
Vegetables,Food
hand sanitizer,Personal Care
water softener,Housing
croissants,Food
Carolina Herrera,Miscellaneous
screws,Housing
Moschino,Miscellaneous
BMG Rights Management,Entertainment
furniture,Housing
Workbook,School Supplies
Columbia Pictures,Entertainment
Cowl-neck sweater,Miscellaneous
Birthday gifts,Miscellanous
wrench,Housing
Fendi,Miscellaneous
Burberry,Miscellaneous
screws,Housing
Ghirardelli,Food
Operating system,Technology
20th Century Studios,Entertainment
Oral-B Pro 1000 Electric Toothbrush,Personal Care
onion rings,Food
face primer,Personal Care
donuts,Food
Coffee,Food
candles,Housing
tool chest,Housing
HBO,Entertainment
squash,Food
screwdriver,Housing
electricity,Housing
Clothes,Miscellanous
gloves,Housing
Baileys,Food
NFL tickets,Entertainment
Breguet,Miscellaneous
beef,Food
sealant,Housing
AAA Car Insurance,Transportation
Horizon Organic,Food
umbrella stand,Housing
air freshener,Housing
Regal Cinemas Movie Ticket,Entertainment
Car wax,Transportation
coconut oil,Food
seitan,Food
Glue,School Supplies
face mask,Personal Care
rollers,Housing
Car detailing,Transportation
Heinz,Food
Nestle,Food
tape measure,Housing
Mobile phone bill,Technology
lip exfoliator,Personal Care
vegetable oil,Food
Movie tickets,Entertainment
Windbreaker,Miscellaneous
Activity tracker,Technology
Figurines,Miscellanous
Books from Barnes & Noble,Education
Campbells,Food
home repairs,Housing
pliers,Housing
Toll fees,Transportation
Groceries at Walmart,Food
Figurines,Miscellanous
tomatoes,Food
nail polish,Personal Care
paintbrushes,Housing
Concert Ticklets,Entertainment
lip gloss,Personal Care
Nestle,Food
Air Purifier,Technology
HOA insurance,Housing
face primer,Personal Care
Blowdryer,Technology
Car wash,Transportation
foundation,Personal Care
Dog Food,Miscellanous
Phone charger,Technology
Bike,Transportation
Microphone,Technology
Champion sweatpants,Miscellanous
Cryptocurrency investments,Miscellanous
Ferragamo,Miscellaneous
Index cards,School Supplies
Maxi skirt,Miscellaneous
Antivirus software,Technology
potato salad,Food
Bicycle,Transportation
Shampoo,Personal Care
nail art pen,Personal Care
dryer sheets,Housing
trucks,Transportation
Parking permit,Transportation
property taxes,Housing
Bimbo Bakeries,Food
flaxseeds,Food
hand cream,Personal Care
Exotic car purchase,Transportation
paper towels,Housing
shower liner,Housing
Sports car,Transportation
Car wash,Transportation
Culottes,Miscellaneous
Luxury car,Transportation
pliers,Housing
eggs,Food
macaroni and cheese,Food
night essence,Personal Care
Fidget Spinner,Miscellanous
Kraft,Food
gelatin,Food
night ampoule,Personal Care
Bicycle accessories,Transportation
Poncho,Miscellaneous
hair volumizer,Personal Care
foot mask,Personal Care
Focus Features,Entertainment
Coffee,Food
Textbooks,School Supplies
tortillas,Food
Versace,Miscellaneous
Whole Foods groceries,Food
Jameson,Food
Laptop,Technology
Alexander McQueen,Miscellaneous
lettuce,Food
Programming Tutor,Personal Care
Blowdryer ,Technology
mattress,Housing
Missoni,Miscellaneous
grapes,Food
night exfoliator,Personal Care
body wash,Housing
Captain Morgan,Food
Mortage,Housing
Beret,Miscellaneous
Mouse,Technology
Eyedrops,Personal Care
Bus pass,Transportation
screwdriver,Housing
Wireless keyboard,Technology
Wireless charger,Technology
rollers,Housing
Ergonomic Chair,Housing
pork,Food
Campbells,Food
Boat Ride,Transportation
water softener,Housing
garbage collection,Housing
workbench,Housing
Amazon Studios,Entertainment
Off-road vehicle purchase,Transportation
Jordans,Miscellanous
Hotel,Miscellanous
ironing board,Housing
Rideshare service (Uber/Lyft),Transportation
Valentino,Miscellaneous
Notebook paper,School Supplies
Anthem Dental Insurance,Personal Care
muffins,Food
nail brush,Personal Care
night toner,Personal Care
nail scissors,Personal Care
Webcam,Technology
Sandals,Miscellaneous
tissues,Housing
mustard,Food
Airbnb,Miscellanous
Blue Diamond,Food
Electric vehicle charging station,Transportation
VPN subscription,Technology
Electric skateboard,Transportation
body polish,Personal Care
Crocs Sandals,Miscellanous
Blue Cross Blue Shield Health Insurance,Personal Care
Heating bill,Housing
Midsize car,Transportation
Graduation Fees,Education
screwdriver,Housing
Barbie Doll,Miscellanous
Culottes,Miscellaneous
Truck purchase,Transportation
Activity tracker,Technology
Steve Madden,Miscellaneous
Soccer ball,Miscellanous
hand sanitizer,Housing
Yves Saint Laurent,Miscellaneous
hair straightener,Personal Care
pie,Food
Batteries,Miscellanous
San Diego Zoo tickets,Entertainment
Hersheys,Food
Dance Tutor,Personal Care
sesame seeds,Food
Cargill,Food
Button-down shirt,Miscellaneous
tarts,Food
iPhone,Technology
Wedding,Miscellanous
Security System,Housing
PRONTO San Diego Bus MTS Pass,Transportation
Stella McCartney,Miscellaneous
Meal Plans,Education
Belt,Miscellaneous
Tory Burch,Miscellaneous
shoe rack,Housing
Kahlua,Food
AMC Movie Ticket,Entertainment
Verb Ghost Conditioner,Personal Care
Cloud storage,Technology
Licensing fee,Transportation
satellite TV,Housing
foot file,Personal Care
Dinner at Olive Garden,Food
shaving cream,Housing
Shift dress,Miscellaneous
coffees,Food
Bombay Sapphire,Food
Bike helmet,Transportation
Helmet,Transportation
night emulsion,Personal Care
Jim Beam,Food
pecans,Food
Magazine Subscriptions,Entertainment
Sedan,Transportation
HOA fees,Housing
bar soap,Personal Care
toilet paper,Housing
night oil,Personal Care
Sneakers,Miscellaneous
Monitor Arms,Miscellanous
Calendar,School Supplies
soups,Food
Track pants,Miscellaneous
Apple TV+,Entertainment
Pokemon Cards,Miscellanous
laundry hamper,Housing
floss,Housing
T-shirt,Miscellaneous
fire alarm batteries,Housing
Under Armour,Miscellaneous
Hair Styling,Personal Care
Oil change,Transportation
Drinks,Food
Louboutin,Miscellaneous
screws,Housing
Computer,Technology
liquid soap,Personal Care
night serum,Personal Care
sushi,Food
blush,Personal Care
tool kit,Housing
sparkling water,Food
night essence,Personal Care
Tory Burch,Miscellaneous
disinfectant spray,Housing
tacos,Food
tahini,Food
Graff,Miscellaneous
Cables,Technology
Columbia Pictures,Entertainment
rice,Food
Video Games,Entertainment
night cleanser,Personal Care
Southern Comfort,Food
Suit from Men's Wearhouse,Miscellanous
pastries,Food
pie,Food
Stella Artois,Food
Airfryer,Technology
Minivan purchase,Transportation
custard,Food
shower curtain,Housing
Dictionary,School Supplies
Alcohol,Food
Babysitter,Miscellanous
Deezer,Entertainment
Skirt,Miscellaneous
parking fees,Housing
Apple Watch,Technology
Nyquil Flu Medicine,Personal Care
candles,Housing
makeup brushes,Personal Care
disinfectant wipes,Housing
shower liner,Housing
water softener,Housing
peanut butter,Food
Anthem Dental Insurance,Personal Care
lemonade,Food
nail top coat,Personal Care
Pet Clothes,Miscellanous
eye cream,Personal Care
pastries,Food
turkey,Food
Pet Harness,Miscellanous
Charity donations,Miscellanous
IKEA Desk,Housing
Advil Pain Relief Medicine,Personal Care
flashlight,Housing
Tape,School Supplies
toothpaste,Housing
Button-down shirt,Miscellaneous
Espadrilles,Miscellaneous
Skirt,Miscellaneous
property taxes,Housing
High heels,Miscellaneous
relish,Food
Leggings,Miscellaneous
shower curtain,Housing
pencil,School Supplies
smoothies,Food
Music Purchases,Entertainment
Bomber jacket,Miscellaneous
Graphics tablet,Technology
Vaseline,Personal Care
Tablet,Technology
Gloves,Miscellaneous
Electric scooter,Transportation
hand sanitizer,Housing
hair spray,Personal Care
umbrella stand,Housing
hair gel,Personal Care
Pencil case,School Supplies
water filter,Housing
Blouse,Miscellaneous
Sweater,Miscellaneous
Shawl,Miscellaneous
caramel,Food
Stockings,Miscellaneous
Toll fees,Transportation
apple,Food
Microsoft tablet,Technology
San Diego Zoo tickets,Entertainment
Apple,Technology
Beats headphones,Technology
glue,Housing
body scrub,Personal Care
Chopard,Miscellaneous
night moisturizer,Personal Care
McCormick & Company,Food
Ankle socks,Miscellaneous
Tabasco,Food
Bow tie,Miscellaneous
Fishing Reel,Miscellanous
pears,Food
Bluetooth headset,Technology
Night Club,Entertainment
clams,Food
Public transportation ticket,Transportation
Cat Food,Miscellanous
mouthwash,Housing
Clipboard,School Supplies
Notebook,School Supplies
chicken,Food
Backup drive,Technology
Eyedrops,Personal Care
brandy,Food
bell peppers,Food
pliers,Housing
Bike helmet,Transportation
Transmission service,Transportation
disinfectant wipes,Housing
Jordan Shoes,Miscellanous
Pens,School Supplies
wine,Food
Maxi dress,Miscellaneous
Boots,Miscellaneous
Counseling,Personal Care
Sunscreen,Personal Care
coleslaw,Food
mouthwash,Housing
tissues,Housing
caulk,Housing
Tillamook,Food
roof replacement,Housing
ladder,Housing
tempeh,Food
disinfectant wipes,Housing
donuts,Food
Hatchback,Transportation
Caravan purchase,Transportation
Timberland,Miscellaneous
hand soap,Housing
Gym membership,Personal Care
Airport shuttle,Transportation
sandwiches,Food
Geico Car Insurance,Transportation
safety goggles,Housing
Chivas Regal,Food
disinfectant spray,Housing
risotto,Food
bedding,Housing
tissues,Housing
Dictionary,School Supplies
strawberries,Food
Hormel Foods,Food
tape measure,Housing
Blouse,Miscellaneous
RAM,Technology
Thigh-high boots,Miscellaneous
Tylenol Pain Relief Medicine,Personal Care
hand soap,Housing
body wash,Housing
Crocs Sandals,Miscellanous
matches,Housing
after-shave,Personal Care
water softener,Housing
Tracksuit,Miscellaneous
gloves,Housing
Spiral notebook,School Supplies
HOA insurance,Housing
soups,Food
lettuce,Food
night essence,Personal Care
J.M. Smucker Company,Food
Train ticket,Transportation
mouthwash,Housing
Car wash membership,Transportation
Map,School Supplies
water softener,Housing
mouthwash,Housing
cauliflower,Food
Wellington boots,Miscellaneous
Baby toys,Miscellanous
Rent,Housing
shampoo,Housing
chia seeds,Food
ChatGPT 4.0 ,Technology
disinfectant spray,Housing
sunflower seeds,Food
Amazon Prime,Miscellanous
Carwash,Miscellanous
Belt,Miscellaneous
gnocchi,Food
Lyft Ride Share,Transportation
MGM Studios,Entertainment
paint,Housing
Del Monte,Food
ladder,Housing
Jack Daniels,Food
Portable battery pack,Technology
Toilet Paper,Personal Care
Lotion,Personal Care
shampoo,Housing
Fast food,Food
K-Swiss,Miscellaneous
candles,Housing
Tyson Foods,Food
Apple Music,Entertainment
Planner,School Supplies
Headphones,Technology
Armani,Miscellaneous
mortgage,Housing
Antivirus software,Technology
Backpack,School Supplies
pillows,Housing
body polish,Personal Care
Full-size car,Transportation
IKEA Desk,Housing
Christmas gifts,Miscellanous
granola,Food
Gas,Transportation
hand sanitizer,Housing
mustard,Food
wrench,Housing
Monitor,Technology
Snapchat+ Subscription,Entertainment
sweet potatoes,Food
rum,Food
Crocs,Miscellaneous
Dole,Food
conditioner,Housing
Wireless mouse,Technology
milk,Food
smart cameras,Housing
Health insurance,Personal Care
Gasoline at Shell,Transportation
Bandana,Miscellaneous
Starbucks Latte,Food
body oil,Personal Care
hair mousse,Personal Care
shower liner,Housing
Baby toys,Miscellanous
liqueurs,Food
Mittens,Miscellaneous
Festival Tickets,Entertainment
sports drinks,Food
Fedora,Miscellaneous
hand soap,Housing
pickles,Food
Denim shorts,Miscellaneous
Food,Food
almond butter,Food
Calculator,School Supplies
Cargo pants,Miscellaneous
Bacardi,Food
Water bill,Housing
lighters,Housing
Plane ticket,Transportation
air freshener,Housing
toothbrush,Housing
Train pass,Transportation
body wash,Personal Care
paper towels,Housing
Bike lights,Transportation
cookies,Food
Rent,Housing
body wash,Personal Care
apartment application fee,Housing
home improvements,Housing
tool chest,Housing
Barilla,Food
Licensing fee,Transportation
water,Housing
night peel,Personal Care
mouthwash,Personal Care
Chopard,Miscellaneous
Sunglasses,Personal Care
New Balance,Miscellaneous
crepes,Food
Sports Event Tickets,Entertainment
foot spray,Personal Care
mocktails,Food
night balm,Personal Care
Prescription medications,Personal Care
Earmuffs,Miscellaneous
Crewneck sweater,Miscellaneous
Physical therapy,Personal Care
Caravan,Transportation
Lionsgate Films,Entertainment
screws,Housing
Webcam,Technology
candles,Housing
Toothpicks,Personal Care
Cardigan,Miscellaneous
Ipad Case,Miscellanous
smoke detectors,Housing
sunflower seeds,Food
liquid soap,Personal Care
home inspection fee,Housing
foot soak,Personal Care
Peplum top,Miscellaneous
Advil Pain Relief Medicine,Personal Care
foundation,Personal Care
kiwis,Food
vegetable oil,Food
guacamole,Food
acne mask,Personal Care
ConAgra Brands,Food
Food,Food
home appraisal fee,Housing
Caravan purchase,Transportation
hand sanitizer,Housing
Diapers,Miscellanous
conditioner,Personal Care
smoke detectors,Housing
Birkenstock,Miscellaneous
apartment application fee,Housing
Guinness,Food
Kelloggs,Food
hair mousse,Personal Care
laundry basket,Housing
Airport shuttle,Transportation
yogurt,Food
earthquake insurance,Housing
Christmas decorations,Miscellanous
Airbnb,Miscellanous
screws,Housing
Hat,Miscellanous
Paper clips,School Supplies
limes,Food
Vaseline,Personal Care
Smirnoff,Food
Baby stroller,Miscellanous
tool chest,Housing
toothbrush,Housing
Slides,Miscellaneous
ladder,Housing
peaches,Food
AmeriGas Propane Refill,Housing
Trench coat,Miscellaneous
air filters,Housing
USB flash drive,Technology
Longchamp,Miscellaneous
paint,Housing
Backup drive,Technology
foot cream,Personal Care
kombucha,Food
pineapple,Food
toothpaste,Housing
Skechers,Miscellaneous
Kikkoman,Food
Classic car,Transportation
shower liner,Housing
Puma,Miscellaneous
Costco Membership,Miscellanous
foot soak,Personal Care
Public transportation ticket,Transportation
Fila,Miscellaneous
State Farm Home Insurance,Housing
Ruler,School Supplies
Car wax,Transportation
blueberries,Food
face mask,Personal Care
Renovations,Housing
Post-it notes,School Supplies
manicure set,Personal Care
charcoal mask,Personal Care
Prada,Miscellaneous
pizza,Food
chocolate,Food
Electric skateboard,Transportation
beer,Food
pliers,Housing
linens,Housing
Bottega Veneta,Miscellaneous
Lunchbox,School Supplies
caulk,Housing
Modem,Technology
pet rent,Housing
chocolate,Food
home warranty,Housing
electrical repairs,Housing
Vanicream Dandruff Shampoo,Personal Care
eyebrow gel,Personal Care
pistachios,Food
glue,Housing
Course Material,Education
pet grooming,Housing
pudding,Food
lotion,Housing
Michael Kors,Miscellaneous
and BBC Studios,Entertainment
CPU,Technology
night serum,Personal Care
Public transportation app subscription,Transportation
tissues,Housing
Truck,Transportation
Anorak,Miscellaneous
razor,Personal Care
Bike helmet,Transportation
Bombay Sapphire,Food
colas,Food
lipstick,Personal Care
polenta,Food
Registration fee,Transportation
glue,Housing
electricity,Housing
body wash,Housing
nail base coat,Personal Care
razor,Housing
Mainstays Pillowcase Set,Housing
pimple patches,Personal Care
Toilet Paper,Personal Care
utensils,Housing
olive oil,Food
T-shirt,Miscellaneous
batteries,Housing
Peacoat,Miscellaneous
Pencil skirt,Miscellaneous
screwdriver,Housing
Whiteboard eraser,School Supplies
Speakers,Technology
lotion,Housing
Tuition,Education
Public transportation app subscription,Transportation
Board shorts,Miscellaneous
soap,Housing
sealant,Housing
nails,Housing
ice cream,Food
Golf Course Fees,Miscellanous
bacon,Food
IKEA Coffee Table,Housing
peas,Food
Tropicana,Food
hand wash,Personal Care
deodorant,Personal Care
McCormick,Food
razor,Housing
Colored pencils,School Supplies
Jagermeister,Food
hair clips,Personal Care
Sweater,Miscellaneous
music,Entertainment
Cardigan,Miscellaneous
Bicycle repair,Transportation
Taxi fare,Transportation
face oil,Personal Care
gelatin,Food
barbecue sauce,Food
Thigh-high socks,Miscellaneous
kebabs,Food
paintbrushes,Housing
Chanel,Miscellaneous
Breyers,Food
garlic,Food
Convertible purchase,Transportation
Uber Ride Share,Transportation
Board shorts,Miscellaneous
Graduation Cap,Miscellanous
chia seeds,Food
Toll fees,Transportation
Bacardi,Food
Haircut at Salon,Personal Care
Ramen,Food
nail polish remover,Personal Care
Barbie Doll,Miscellanous
smoke alarm batteries,Housing
Hybrid car purchase,Transportation
Microwave,Technology
Doctor visits,Personal Care
smoke alarm batteries,Housing
Sweatpants,Miscellaneous
foot gel,Personal Care
iPhone,Technology
floss,Personal Care
home appraisal fee,Housing
mussels,Food
hair bands,Personal Care
lasagna,Food
Mock-neck sweater,Miscellaneous
Tesla charging,Transportation
shaving cream,Housing
Parking tickets,Miscellanous
Crocs,Miscellaneous
wrench,Housing
Gym membership,Personal Care
face serum,Personal Care
Saint Laurent,Miscellaneous
raspberries,Food
Health insurance,Personal Care
Dinner at Olive Garden,Food
Protractor,School Supplies
locksmith services,Housing
Headphones,Technology
sunscreen,Personal Care
overnight mask,Personal Care
non-alcoholic beers,Food
fudge,Food
Rideshare service (Uber/Lyft),Transportation
Enterprise Car Rental,Personal Care
smoke alarm batteries,Housing
garbage bins,Housing
sealant,Housing
Blue Apron Meal Kits,Food
Cereal,Food
coat rack,Housing
night essence,Personal Care
gelato,Food
Gasoline at Shell,Transportation
pet rent,Housing
Stapler,School Supplies
smart cameras,Housing
Clarks,Miscellaneous
Car maintenance,Transportation
Cargo shorts,Miscellaneous
Sony Music Entertainment,Entertainment
Lunchbox,School Supplies
Graduation Gown,Miscellanous
Alcohol,Food
leave-in conditioner,Personal Care
serum,Personal Care
hammer,Housing
Station wagon,Transportation
Grand Marnier,Food
Fishing Reel,Miscellanous
tool chest,Housing
foot cream,Personal Care
truffles,Food
nail stickers,Personal Care
McCormick & Company,Food
Haagen-Dazs,Food
Amazon Music,Entertainment
Prada,Miscellaneous
Overalls,Miscellaneous
Loafers,Miscellaneous
Tesla charging,Transportation
lotion,Personal Care
Plane ticket,Transportation
Marc Jacobs,Miscellaneous
heat protectant,Personal Care
Philips Sonicare Replacement Brush Heads,Personal Care
soap,Housing
nail dryer,Personal Care
Tiffany & Co.,Miscellaneous
Map/GPS device,Transportation
hand sanitizer,Personal Care
Whiteboard,Education
Slides,Miscellaneous
Heineken,Food
floss,Housing
shrimp,Food
IKEA Ottoman,Housing
toilet paper,Housing
wrench,Housing
toilet paper,Housing
tahini,Food
Jagermeister,Food
Amazon Prime,Miscellanous
Versace,Miscellaneous
Wrap dress,Miscellaneous
Folder,School Supplies
Toll fees,Transportation
extension cord,Housing
acne treatment,Personal Care
Security System,Housing
lip liner,Personal Care
Pet Harness,Miscellanous
mouthwash,Housing
Kelloggs,Food
night cream,Personal Care
cable TV,Housing
kefir,Food
Flats,Miscellaneous
body wash,Housing
Parka,Miscellaneous
Pet Grooming,Miscellanous
Guardian Life Insurance,Personal Care
face cleanser,Personal Care
Motorcycle,Transportation
maple syrup,Food
nail polish,Personal Care
Beanie,Miscellaneous
Ruler,School Supplies
Mainstays Towels,Housing
foot cream,Personal Care
pliers,Housing
Apple Watch,Technology
Magazine Subscriptions,Entertainment
Car wash,Transportation
nail growth serum,Personal Care
Balenciaga,Miscellaneous
shaving cream,Housing
Gasoline at Shell,Transportation
Highlighters,School Supplies
air freshener,Housing
mousse,Food
Books from Barnes & Noble,Education
toilet paper,Housing
Corona,Food
Track pants,Miscellaneous
nail decals,Personal Care
hazelnuts,Food
hand soap,Housing
Binder,School Supplies
Dior,Miscellaneous
toner,Personal Care
Bus pass,Transportation
Mortage,Housing
disinfectant spray,Housing
concealer,Personal Care
Barbie Doll,Miscellanous
Battery replacement,Transportation
Gucci,Miscellaneous
Bicycle repair,Transportation
Prescription glasses,Personal Care
Toll roads,Transportation
Car Maintenance,Transportation
Rolex,Miscellaneous
Knee-high boots,Miscellaneous
nails,Housing
The Coffee Bean Iced Coffee,Food
Boat Ride,Transportation
Kelloggs,Food
History Tutor,Personal Care
glue,Housing
Rent,Housing
Thesaurus,School Supplies
screwdriver,Housing
Flats,Miscellaneous
Under Armour,Miscellaneous
pet boarding,Housing
V-neck sweater,Miscellaneous
lighters,Housing
Subway pass,Transportation
foot powder,Personal Care
chicken,Food
Blouse,Miscellaneous
Tire replacement,Transportation
curtains,Housing
Bicycle maintenance,Transportation
Alcohol,Food
Trucker hat,Miscellaneous
razor,Housing
Taxi fare,Transportation
Strapless dress,Miscellaneous
Rideshare service (Uber/Lyft),Transportation
Overalls,Miscellaneous
Def Jam Recordings,Entertainment
cheesecake,Food
pears,Food
Motorcycle,Transportation
Credit card payments,Miscellanous
Starbucks Iced Coffee,Food
cherries,Food
Apple Airpods Pro,Technology
Football,Miscellanous
Windows PC,Technology
tempeh,Food
Chivas Regal,Food
foot cream,Personal Care
screwdriver,Housing
kimchi,Food
body butter,Personal Care
Video Games,Entertainment
Chobani,Food
Fuel,Transportation
The Coffee Bean Expresso,Food
workbench,Housing
shower curtain,Housing
Sedan,Transportation
truffles,Food
moisturizer,Personal Care
maple syrup,Food
floss,Personal Care
toothpaste,Personal Care
Electric vehicle charging station,Transportation
Nike socks,Miscellanous
Amazon purchase,Miscellanous
deep conditioner,Personal Care
granola,Food
Asics,Miscellaneous
body lotion,Personal Care
linens,Housing
Crocs,Miscellanous
General Mills,Food
Givenchy,Miscellaneous
Phone Holder,Miscellanous
Microwave,Technology
eyebrow brush,Personal Care
honey,Food
Staples,School Supplies
bell peppers,Food
tool kit,Housing
toothbrush,Personal Care
Puffer jacket,Miscellaneous
Audemars Piguet,Miscellaneous
Train pass,Transportation
septic system maintenance,Housing
Renovations,Housing
Balenciaga,Miscellaneous
Apples,Food
Vape,Miscellanous
nails,Housing
Dom Perignon,Food
rice,Food
Router,Technology
pesto,Food
makeup sponge,Personal Care
Warner Music Group,Entertainment
Platform shoes,Miscellaneous
Car wash,Transportation
MGM Studios,Entertainment
Classic car purchase,Transportation
Fireball,Food
mouthwash,Personal Care
Operating system,Technology
Jacket,Miscellaneous
recycling bins,Housing
Chipotle burrito,Food
peanut butter,Food
Brogues,Miscellaneous
Knee-high socks,Miscellaneous
face wipes,Personal Care
tofu,Food
Lyft Ride Share,Transportation
home improvements,Housing
night essence,Personal Care
walnuts,Food
hair serum,Personal Care
Graduation Fees,Education
creme brulee,Food
apple watch,Technology
Hoodie,Miscellaneous
Bread,Food
rollers,Housing
Highlighter,School Supplies
Jose Cuervo,Food
carbon monoxide detectors,Housing
Pencil,School Supplies
Food,Food
Heineken,Food
light bulbs,Housing
conditioner,Personal Care
Pokemon Cards,Miscellanous
clams,Food
night cleanser,Personal Care
IKEA Sofa,Housing
Car wash membership,Transportation
hand sanitizer,Housing
Programming Tutor,Personal Care
Crayons,School Supplies
hair ties,Personal Care
Ring home security system,Technology
Headband,Miscellaneous
Apple iPad Pro,Technology
light bulbs,Housing
coffees,Food
Map,School Supplies
Battery,Technology
Leather jacket,Miscellaneous
makeup remover,Personal Care
zucchini,Food
lip balm,Personal Care
Leg warmers,Miscellaneous
A24 Films,Entertainment
UFC Tickets,Entertainment
home cleaning service,Housing
Olaplex Bond Maintenance Shampoo,Personal Care
Starbucks Iced Coffee,Food
shoe rack,Housing
UGG,Miscellaneous
clay mask,Personal Care
Vest,Miscellaneous
Dayquil Flu Medicine,Personal Care
Puffer jacket,Miscellaneous
Bus pass,Transportation
Universal Music Group,Entertainment
Universal Pictures,Entertainment
Coat,Miscellaneous
MLB Tickets,Entertainment
Ramen,Food
Clipboard,School Supplies
pasta,Food
Salvatore Ferragamo,Miscellaneous
nails,Housing
nail file,Personal Care
carrots,Food
Nabisco,Food
Apple Airpods Pro,Technology
hand sanitizer,Personal Care
Batteries,Miscellanous
cheesecake,Food
Carolina Herrera,Miscellaneous
Kelloggs,Food
tarts,Food
Electric bike,Transportation
Nintendo Switch,Entertainment
Crest 3D White Brilliance 2-Step Toothpaste,Personal Care
Bomber jacket,Miscellaneous
Electric vehicle charging adapter,Transportation
Leggings,Miscellaneous
bacon,Food
Zegna,Miscellaneous
Bodysuit,Miscellaneous
Apple Pencil,Technology
paella,Food
hazelnuts,Food
Alcohol,Food
soap,Housing
Ocean Spray,Food
nail wraps,Personal Care
Post-it notes,School Supplies
Jeans,Miscellaneous
Battery replacement,Transportation
body oil,Personal Care
conditioner,Housing
water filter,Housing
Plane ticket,Transportation
Mainstays Bed Sheets,Housing
pliers,Housing
Hand Sanitizer,Personal Care
Electricity,Housing
Fila,Miscellaneous
hand cream,Personal Care
Thigh-high socks,Miscellaneous
Mars,Food
Adidas Ultraboost Shoes,Miscellanous
Grand Marnier,Food
Sneakers,Miscellanous
hammer,Housing
hand sanitizer,Housing
Full-size car purchase,Transportation
smart thermostats,Housing
avocados,Food
shaving cream,Housing
Nike socks,Miscellanous
cheese,Food
Absolut,Food
blinds,Housing
sausage,Food
hair ties,Personal Care
hair rollers,Personal Care
moving expenses,Housing
level,Housing
matches,Housing
cauliflower,Food
chili,Food
jellies,Food
Folder,School Supplies
mocktails,Food
Michael Kors,Miscellaneous
Thumbtacks,School Supplies
soap,Housing
iron,Housing
Textbook,School Supplies
toothpaste,Housing
croissants,Food
caulk,Housing
hot dogs,Food
dishes,Housing
Amazon purchase,Miscellanous
Windbreaker,Miscellaneous
IKEA Sofa,Housing
Oil change,Transportation
Math Tutor,Personal Care
Dom Perignon,Food
Nike Shoes,Miscellanous
waffles,Food
honey,Food
cereal,Food
security deposit,Housing
toothbrush,Housing
Sushi,Food
Combat boots,Miscellaneous
plumbing repairs,Housing
floss,Housing
Salvatore Ferragamo,Miscellaneous
oats,Food
pizza,Food
Sedan purchase,Transportation
cake,Food
foot mask,Personal Care
tissues,Housing
toner,Personal Care
property survey fee,Housing
Trucker hat,Miscellaneous
pork,Food
Car wax,Transportation
Electric car,Transportation
Microwave,Technology
Electricity,Housing
Electric car,Transportation
hair gel,Personal Care
toilet paper,Housing
night treatment,Personal Care
Toy,Miscellanous
Motorcycle,Transportation
Hatchback purchase,Transportation
corn,Food
bananas,Food
ketchup,Food
Bike,Transportation
Poncho,Miscellaneous
fudge,Food
Ghirardelli,Food
kefir,Food
Strapless dress,Miscellaneous
sauerkraut,Food
Electric vehicle charging adapter,Transportation
tabbouleh,Food
Down jacket,Miscellaneous
hairspray,Personal Care
Computer Parts,Technology
Kitchen Faucet Replacement,Housing
wrench,Housing
Push pins,School Supplies
Amazon purchase,Miscellanous
Snapchat+ Subscription,Entertainment
Grey Goose,Food
hand sanitizer,Housing
Regal Cinemas Movie Ticket,Entertainment
Starbucks Expresso,Food
chickpeas,Food
Laptop bag,Technology
VPN,Technology
Hand Sanitizer,Personal Care
Bulgari,Miscellaneous
Fuel,Transportation
pumpkin seeds,Food
nail cutter,Personal Care
laundry basket,Housing
Fishing Permit,Miscellanous
Tissues,Personal Care
Xbox One Console,Entertainment
Transmission service,Transportation
Piano lessons,Miscellanous
Off-shoulder top,Miscellaneous
Audemars Piguet,Miscellaneous
candles,Housing
Doctor visits,Personal Care
soap,Housing
mascara,Personal Care
toothpaste,Housing
face wash,Personal Care
Mortage,Housing
charcoal mask,Personal Care
night gel,Personal Care
toilet paper,Housing
VPN subscription,Technology
Tylenol Pain Relief Medicine,Personal Care
bread,Food
Socks,Miscellaneous
Dr. Oetker,Food
window cleaning,Housing
Car maintenance,Transportation
Bicycle repair,Transportation
hummus,Food
Appliances,Housing
Necktie,Miscellaneous
Chiquita,Food
Uber Ride Share,Transportation
Headband,Miscellaneous
hand cream,Personal Care
Fishing Permit,Miscellanous
lemons,Food
Hat,Miscellanous
sleeping mask,Personal Care
toothpaste,Housing
Vanicream Dandruff Shampoo,Personal Care
Stella Artois,Food
Oranges,Food
Tropicana,Food
Peanut Butter,Food
smoke alarm batteries,Housing
Electric car purchase,Transportation
Bandcamp,Entertainment
paint,Housing
Whiteboard markers,School Supplies
gloves,Housing
beer,Food
IKEA Wall Shelves,Housing
lighters,Housing
crab,Food
kombucha,Food
Flare jeans,Miscellaneous
Atlantic Records,Entertainment
Bike lock,Transportation
conditioner,Housing
eyeliner,Personal Care
Shorts,Miscellaneous
Stockings,Miscellaneous
sealant,Housing
pet deposit,Housing
cheese,Food
Smirnoff,Food
Calvin Klein,Miscellaneous
Tax accountant bill,Miscellanous
HVAC maintenance,Housing
Exotic car,Transportation
Property taxes,Housing
broom,Housing
Car repair,Transportation
Coach,Miscellaneous
Ankle boots,Miscellaneous
Concert Ticklets,Entertainment
Wellington boots,Miscellaneous
Scanner,Technology
Computer,Technology
bubble mask,Personal Care
Louis Vuitton,Miscellaneous
smoke alarm batteries,Housing
Hulu subscription,Entertainment
Tights,Miscellaneous
Air Conditioning,Technology
muffins,Food
Reebok,Miscellaneous
AmeriGas Propane Refill,Housing
Lindt,Food
iCloud storage,Technology
Honda Motorcycle,Transportation
Fitbit,Technology
marinara sauce,Food
Electric vehicle charging adapter,Transportation
tape measure,Housing
nail buffer,Personal Care
potatoes,Food
mayonnaise,Food
Course Material,Education
Helix Twin Mattress,Housing
corn,Food
Long-sleeve shirt,Miscellaneous
asparagus,Food
redbull,Food
disinfectant spray,Housing
Midsize car purchase,Transportation
soap,Housing
Printer,Technology
Costco Membership,Miscellanous
wraps,Food
mouthwash,Housing
Zegna,Miscellaneous
flashlight,Housing
Verb Ghost Conditioner,Personal Care
Northwestern Mutual Life Insurance,Personal Care
quinoa,Food
foot mask,Personal Care
Electric bike,Transportation
quinoa,Food
eggplant,Food
nail dryer,Personal Care
Stonyfield Farm,Food
Gucci slides,Miscellanous
Golf Accessories,Miscellanous
Denim shorts,Miscellaneous
shampoo,Housing
Child daycare,Miscellanous
Combat boots,Miscellaneous
mortgage,Housing
Graphics tablet,Technology
lotion,Housing
Heating bill,Housing
Johnnie Walker,Food
Car detailing,Transportation
Binder,School Supplies
property management fees,Housing
Protein Powder,Food
parking fees,Housing
smoke alarm batteries,Housing
eggplant,Food
Bike lights,Transportation
Flare jeans,Miscellaneous
Flip-flops,Miscellaneous
Hennessy,Food
celery,Food
cookware,Housing
Beyblade,Miscellanous
paper towels,Housing
Baileys,Food
Baseball cap,Miscellaneous
Legal fees,Miscellanous
trucks,Transportation
soap,Housing
perfume,Personal Care
soap,Housing
hot sauce,Food
Cargill,Food
Pencil skirt,Miscellaneous
Printer,Technology
hand soap,Housing
Faux fur coat,Miscellaneous
Sensodyne Pronamel Gentle Teeth Whitening Toothpaste,Personal Care
Electric vehicle charging adapter,Transportation
mop,Housing
Leg warmers,Miscellaneous
brownies,Food
Phone case,Technology
Dance Tutor,Personal Care
eggs,Food
fire extinguisher,Housing
Haircut at Salon,Personal Care
Capitol Music Group,Entertainment
blinds,Housing
Workbook,School Supplies
light bulbs,Housing
Convertible purchase,Transportation
Brogues,Miscellaneous
nail base coat,Personal Care
ice cream,Food
teas,Food
conditioner,Housing
macaroni and cheese,Food
Tyson Foods,Food
Paper clips,School Supplies
Electric skateboard,Transportation
kitchen gadgets,Housing
shampoo,Personal Care
Insurance,Transportation
Sunglasses,Personal Care
Vape,Miscellanous
Tanqueray,Food
jams,Food
Amtrak Train Ticket,Transportation
Car Dashcam,Technology
biscuits,Food
Desktop,Technology
Laptop bag,Technology
Geico Car Insurance,Transportation
sealant,Housing
pancakes,Food
Timberland,Miscellaneous
oranges,Food
Parking permit,Transportation
plums,Food
World map,School Supplies
paper towels,Housing
Golf Shoes,Miscellanous
Mouse ,Technology
External hard drive,Technology
Apple Watch,Technology
polenta,Food
Golf Gloves,Miscellanous
Dictionary,School Supplies
Jordan Shoes,Miscellanous
disinfectant wipes,Housing
grapes,Food
Hybrid car purchase,Transportation
glue,Housing
J.M. Smucker Company,Food
air freshener,Housing
night cream,Personal Care
Smartphone,Technology
Protein Powder,Food
Night Club,Entertainment
Bicycle maintenance,Transportation
Pet Toys,Miscellanous
shower curtain,Housing
bucket,Housing
Olaplex No. 5 Bond Maintenance Conditioner,Personal Care
sodas,Food
Apple TV+,Entertainment
matches,Housing
Honda Motorcycle,Transportation
face oil,Personal Care
batteries,Housing
home warranty,Housing
Notebook paper,School Supplies
candles,Housing
IKEA Wall Shelves,Housing
Car lease,Transportation
Coupe purchase,Transportation
Marker,School Supplies
shower liner,Housing
Chanel,Miscellaneous
deodorant,Personal Care
hair wax,Personal Care
DMV Vehicle Registration,Transportation
furniture,Housing
brandy,Food
lotion,Housing
marinara sauce,Food
Car wash membership,Transportation
Glue stick,School Supplies
cable TV,Housing
Sony Headphones,Technology
Veuve Clicquot,Food
Bicycle,Transportation
Nintendo Switch,Entertainment
Skateboard,Miscellanous
water filter,Housing
butter,Food
Cat Food,Miscellanous
screwdriver,Housing
HBO,Entertainment
lighters,Housing
Sharpener,School Supplies
Atlas,School Supplies
Golf Gloves,Miscellanous
sheet mask,Personal Care
Fireball,Food
Rent,Housing
Public Transit,Transportation
Coupe,Transportation
Haircut at Salon,Personal Care
eye mask,Personal Care
preserves,Food
Bike lights,Transportation
pest control,Housing
Asics,Miscellaneous
PS5 Console,Entertainment
foot file,Personal Care
hair vitamins,Personal Care
IPhone Case,Miscellanous
Pencil,School Supplies
Jordans,Miscellanous
Bike lights,Transportation
fries,Food
glue,Housing
hair dye,Personal Care
disinfectant spray,Housing
Scanner,Technology
hand soap,Personal Care
night essence,Personal Care
Groceries at Walmart,Food
nail shaper,Personal Care
water filter,Housing
Oxfords,Miscellaneous
wraps,Food
hydrating mask,Personal Care
PS5 Console,Entertainment
High heels,Miscellaneous
matches,Housing
face scrub,Personal Care
Modem,Technology
Golf Accessories,Miscellanous
Milk,Food
Phone case,Technology
Deli Meat,Food
Beefeater,Food
sealant,Housing
Stylus,Technology
Registration fee,Transportation
Markers,School Supplies
baklava,Food
Whiteboard,School Supplies
Pandora,Entertainment
Spiral notebook,School Supplies
blueberries,Food
paper towels,Housing
lotion,Housing
Hennessy,Food
cologne,Personal Care
turkey,Food
shower curtain,Housing
pet boarding,Housing
Printer,Technology
Massage Envy Spa Session,Personal Care
Bodywash,Personal Care
hair curler,Personal Care
body oil,Personal Care
Tanqueray,Food
Moet & Chandon,Food
Car,Transportation
Gym membership,Personal Care
lotion,Housing
nail wraps,Personal Care
Ankle socks,Miscellaneous
pet grooming,Housing
matches,Housing
screwdriver,Housing
shaving cream,Housing
hammer,Housing
pliers,Housing
Slippers,Miscellaneous
Jordan Shoes,Miscellanous
pasta,Food
hair oil,Personal Care
Helmet,Transportation
ladder,Housing
foot mask,Personal Care
batteries,Housing
Brooks,Miscellaneous
Streaming Services,Entertainment
electricity,Housing
Lanvin,Miscellaneous
Staples,School Supplies
Dividers,School Supplies
Markers,School Supplies
nail strengthener,Personal Care
World map,School Supplies
Chelsea boots,Miscellaneous
crepes,Food
Hermes,Miscellaneous
exfoliator,Personal Care
shower liner,Housing
Veterinary bill,Miscellanous
Station wagon purchase,Transportation
chickpeas,Food
nails,Housing
hair gel,Personal Care
Insurance,Transportation
beef,Food
Vans,Miscellaneous
Adapters,Technology
Blazer,Miscellaneous
Computer Parts,Technology
Dr Martens,Miscellaneous
Shampoo,Personal Care
Dole,Food
Books at Barnes & Noble,Education
foot scrub,Personal Care
Airport shuttle,Transportation
shower liner,Housing
Mainstays Bed Sheets,Housing
Mittens,Miscellaneous
shawarma,Food
Cargo shorts,Miscellaneous
Eraser,School Supplies
Rolex,Miscellaneous
Desk organizer,School Supplies
Beret,Miscellaneous
caulk,Housing
sealant,Housing
Electric scooter,Transportation
Coffee,Food
floss,Housing
concealer,Personal Care
Sushi,Food
shaving cream,Personal Care
Cruise Tickets,Transportation
Vest,Miscellaneous
Tissues,Personal Care
gloves,Housing
milk,Food
Gucci,Miscellaneous
Classic car,Transportation
Perscription Sunglasses,Personal Care
gloves,Housing
Battery replacement,Transportation
Car repair,Transportation
razor,Personal Care
Southwest Airlines Airfare,Transportation
Mini skirt,Miscellaneous
Birthday gifts,Miscellanous
rollers,Housing
lipstick,Personal Care
air filters,Housing
Golf Bag,Miscellanous
Fuel,Transportation
Hublot,Miscellaneous
towels,Housing
Public transportation card,Transportation
BMG Rights Management,Entertainment
Hair Styling,Personal Care
paintbrushes,Housing
garbage collection,Housing
IPhone Case,Miscellanous
air freshener,Housing
teas,Food
Virgin Records,Entertainment
pistachios,Food
Watch,Miscellanous
toothpaste,Housing
Tank top,Miscellaneous
Air Conditioning,Technology
Avis Car Rental,Personal Care
Map/GPS device,Transportation
mouthwash,Housing
crab,Food
Electric vehicle charging station,Transportation
smoke alarm batteries,Housing
smart locks,Housing
night toner,Personal Care
Macbook Case,Miscellanous
kebabs,Food
Cowl-neck sweater,Miscellaneous
Insurance,Transportation
relish,Food
Golf Shoes,Miscellanous
caulk,Housing
Cartier,Miscellaneous
Parking fees,Transportation
lighters,Housing
Public transportation ticket,Transportation
Fruit,Food
body scrub,Personal Care
Blouse,Miscellaneous
Mirror,Miscellanous
property management fees,Housing
foot mask,Personal Care
makeup brushes,Personal Care
hammer,Housing
Guardian Life Insurance,Personal Care
Deodorant,Personal Care
Veterinary bill,Miscellanous
Thumbtacks,School Supplies
SSD,Technology
HVAC maintenance,Housing
Ergonomic Chair,Housing
LA Fitness membership,Personal Care
toothbrush,Housing
Columbia Records,Entertainment
lighters,Housing
Multivitamins,Food
mayonnaise,Food
tool chest,Housing
Mobile phone bill,Technology
Salomon,Miscellaneous
toothbrush,Housing
Cropped top,Miscellaneous
body mist,Personal Care
hammer,Housing
wrench,Housing
Planet Fitness Annual Membership,Personal Care
Philips Sonicare 9900 Prestige,Personal Care
VR headset,Technology
Luxury car purchase,Transportation
shutters,Housing
HOA fees,Housing
Deezer,Entertainment
Smartphone,Technology
Helix Twin Mattress,Housing
Graph paper,School Supplies
Apple Macbook,Technology
Mizuno,Miscellaneous
ladder,Housing
Coca-Cola,Food
rollers,Housing
Vape,Miscellanous
lighters,Housing
Peplum top,Miscellaneous
sealant,Housing
IKEA Coffee Table,Housing
Mousepad,Miscellanous
gnocchi,Food
Wireless keyboard,Technology
Train pass,Transportation
Yves Saint Laurent,Miscellaneous
Pepperidge Farm,Food
floss,Housing
Baseball cap,Miscellaneous
Knee-high socks,Miscellaneous
Minivan,Transportation
Microphone,Technology
vacuum cleaner,Housing
spinach,Food
broom,Housing
Bike,Transportation
hair dye,Personal Care
screws,Housing
eyeshadow,Personal Care
Socks,Miscellaneous
Clothes,Miscellanous
Columbia Records,Entertainment
Gas,Transportation
Dior,Miscellaneous
lip gloss,Personal Care
kiwis,Food
screwdriver,Housing
Fast food,Food
Vans,Miscellaneous
Costco Groceries,Food
strawberries,Food
Calvin Klein,Miscellaneous
La Costena,Food
Sharpener,School Supplies
McCormick,Food
Adidas,Miscellaneous
Ben & Jerrys,Food
Microsoft tablet,Technology
brownies,Food
iCloud storage,Technology
Parka,Miscellaneous
Sneakers,Miscellanous
barbecue sauce,Food
Keyboard,Technology
screws,Housing
mushrooms,Food
Planet Fitness Annual Membership,Personal Care
hair pomade,Personal Care
Mainstays Towels,Housing
Jumpsuit,Miscellaneous
Golf Balls,Miscellanous
Toy,Miscellanous
IKEA Hemnes Dresser,Housing
hairbrush,Personal Care
Parking fees,Transportation
Starbucks Expresso,Food
storage fees,Housing
Sony Headphones,Technology
floss,Housing
hair rollers,Personal Care
Minivan purchase,Transportation
IKEA Hemnes Dresser ,Housing
hand soap,Housing
Capri pants,Miscellaneous
Traffic violation tickets,Miscellanous
water filter,Housing
Transmission service,Transportation
lobster,Food
Stella McCartney,Miscellaneous
hand soap,Housing
Necktie,Miscellaneous
tissues,Housing
security deposit,Housing
body wash,Housing
plums,Food
Starbucks Iced Coffee,Food
Bus pass,Transportation
biscuits,Food
sleeping mask,Personal Care
Oranges,Food
matches,Housing
Movie tickets,Entertainment
Book cover,School Supplies
oranges,Food
Ramen,Food
Lowe's Garden Center Mulch,Housing
Ralph Lauren,Miscellaneous
McDonald's Big Mac Meal,Food
Hersheys,Food
hair serum,Personal Care
ADT home security system,Technology
sauerkraut,Food
Graduation Gown,Miscellanous
level,Housing
rice cakes,Food
DreamWorks Animation,Entertainment
Google Play Music,Entertainment
shampoo,Housing
Longchamp,Miscellaneous
cashews,Food
hair oil,Personal Care
window cleaning,Housing
pet deposit,Housing
Wrap dress,Miscellaneous
scones,Food
Cropped top,Miscellaneous
lasagna,Food
Moschino,Miscellaneous
Absolut,Food
shower curtain,Housing
Def Jam Recordings,Entertainment
tissues,Housing
after-shave,Personal Care
night moisturizer,Personal Care
disinfectant wipes,Housing
Suit,Miscellaneous
home maintenance,Housing
Tidal,Entertainment
dishes,Housing
Swimsuit,Miscellaneous
tissues,Housing
lemons,Food
Johnnie Walker,Food
water filter,Housing
toilet paper,Housing
Cereal,Food
MLS tickets,Entertainment
Louis Vuitton,Miscellaneous
matches,Housing
Xbox One Console,Entertainment
Skechers,Miscellaneous
Maxi skirt,Miscellaneous
Suit,Miscellaneous
Bimbo Bakeries,Food
Counseling,Personal Care
nails,Housing
Ecco,Miscellaneous
gloves,Housing
colas,Food
Leather jacket,Miscellaneous
Exotic car purchase,Transportation
External SSD,Technology
storage fees,Housing
tape measure,Housing
sandwiches,Food
Car Maintenance,Transportation
nails,Housing
sunscreen,Personal Care
Guitar,Miscellanous
Screen protector,Technology
paint,Housing
Sneakers,Miscellanous
Thigh-high boots,Miscellaneous
Graff,Miscellaneous
ladder,Housing
Whiteboard eraser,School Supplies
Horizon Organic,Food
Baby food,Food
Mobile phone bill,Technology
History Tutor,Personal Care
SUV purchase,Transportation
level,Housing
night essence,Personal Care
mattress,Housing
caulk,Housing
music,Entertainment
electricity,Housing
eyebrow gel,Personal Care
Post Holdings,Food
Baby stroller,Miscellanous
Malibu,Food
Ferragamo,Miscellaneous
air freshener,Housing
paper towels,Housing
toothbrush,Housing
Public transportation app subscription,Transportation
Babysitter,Miscellanous
Highlighter,School Supplies
exfoliator,Personal Care
Home Maintenance,Housing
Tuition,Education
toothpaste,Housing
Khakis,Miscellaneous
Wedding,Miscellanous
Pet Grooming ,Miscellanous
Software,Technology
scalp treatment,Personal Care
Steve Madden,Miscellaneous
Streaming Services,Entertainment
Golf Clubs,Miscellanous
Toll roads,Transportation
Subway pass,Transportation
Pencil,School Supplies
Tracksuit,Miscellaneous
Ikea Couch,Housing
24 Fitness Annual Membership,Personal Care
Public transportation app subscription,Transportation
vacuum cleaner,Housing
mousse,Food
V-neck sweater,Miscellaneous
Hotel,Miscellanous
satellite TV,Housing
Mainstays Pillowcase Set,Housing
lighters,Housing
Floss,Personal Care
hand wash,Personal Care
Power bank,Technology
Gym membership,Personal Care
DisneyLand Tickets,Entertainment
Dayquil Flu Medicine,Personal Care
Pen,School Supplies
Swimsuit,Miscellaneous
Parking Fees,Transportation
body lotion,Personal Care
lighters,Housing
Electric scooter,Transportation
Property taxes,Housing
Dividers,School Supplies
Mirror,Miscellanous
lawn care,Housing
conditioner,Housing
SUV,Transportation
Electric scooter,Transportation
beans,Food
Brooks,Miscellaneous
Bodysuit,Miscellaneous
body mist,Personal Care
paintbrushes,Housing
recycling bins,Housing
green beans,Food
shower liner,Housing
floss,Housing
Converse,Miscellaneous
hair bands,Personal Care
foot scrub,Personal Care
crackers,Food
Ralph Lauren,Miscellaneous
Blue Apron Meal Kits,Food
hair pins,Personal Care
hand cream,Personal Care
Legal fees,Miscellanous
Luxury car purchase,Transportation
pancakes,Food
juices,Food
Philips Sonicare 9900 Prestige,Personal Care
pillows,Housing
cocktails,Food
Bow tie,Miscellaneous
Lanvin,Miscellaneous
Brake service,Transportation
sausage,Food
Pens,School Supplies
Planner,School Supplies
Arm warmers,Miscellaneous
Fishing Bait,Miscellanous
Train pass,Transportation
caulk,Housing
soap,Personal Care
Beanie,Miscellaneous
shower curtain,Housing
clay mask,Personal Care
NBA tickets,Entertainment
Top hat,Miscellaneous
Jive Records,Entertainment
Milk,Food
Pet Toys,Miscellanous
rollers,Housing
Scarf,Miscellaneous
pedicure set,Personal Care
toilet paper,Housing
A-line dress,Miscellaneous
pumpkin seeds,Food
Apple Pencil,Technology
towels,Housing
wine,Food
air filters,Housing
Phone charger,Technology
shrimp,Food
Cryptocurrency investments,Miscellanous
Starbucks Iced Coffee,Food
foot scrub,Personal Care
home insurance,Housing
CrunchyRoll Subscription,Entertainment
Compass,School Supplies
Bike lock,Transportation
hand soap,Personal Care
Wilson basketball,Miscellanous
Sensodyne Pronamel Gentle Teeth Whitening Toothpaste,Personal Care
Lowe's Garden Center House Plants,Housing
wrench,Housing
disinfectant wipes,Housing
Jumpsuit,Miscellaneous
sweet potatoes,Food
night gel,Personal Care
soy sauce,Food
canola oil,Food
Sheath dress,Miscellaneous
shawarma,Food
mop,Housing
toothbrush,Housing
ladder,Housing
air filters,Housing
Tank top,Miscellaneous
Republic Records,Entertainment
Mobile data plan,Technology
Hoka One One,Miscellaneous
couscous,Food
Festival Tickets,Entertainment
Drinks,Food
Newsboy cap,Miscellaneous
Green Giant,Food
Bodywash,Personal Care
razor,Housing
face mask,Personal Care
Pencil,School Supplies
AMC,Entertainment
Suspenders,Miscellaneous
Souvenirs,Miscellanous
Island Records,Entertainment
popsicles,Food
caramel,Food
Bluetooth headset,Technology
24 Fitness Annual Membership,Personal Care
Tabasco,Food
Denim jacket,Miscellaneous
Diapers,Miscellanous
disinfectant spray,Housing
limes,Food
Raincoat,Miscellaneous
pedicure set,Personal Care
Del Monte,Food
Notebooks,School Supplies
Atlas,School Supplies
Suspenders,Miscellaneous
Mouse,Technology
Guitar,Miscellanous
internet,Housing
Water Bottles,Food
Jack Daniels,Food
Missoni,Miscellaneous
cookware,Housing
security system monitoring,Housing
face moisturizer,Personal Care
Station wagon,Transportation
Groceries at Walmart,Food
RAM,Technology
night toner,Personal Care
Bottega Veneta,Miscellaneous
hand soap,Housing
nail growth serum,Personal Care
flood insurance,Housing
Baby clothes,Miscellanous
heat protectant,Personal Care
squash,Food
hand sanitizer,Personal Care
IKEA Ottoman,Housing
Alexander McQueen,Miscellaneous
home maintenance,Housing
Lowe's Garden Center Mulch,Housing
hand soap,Housing
broccoli,Food
Crocs,Miscellanous
nail strengthener,Personal Care
stews,Food
K-Swiss,Miscellaneous
toilet paper,Housing
External monitor,Technology
Capitol Music Group,Entertainment
Sneakers,Miscellaneous
Drinks,Food
tool chest,Housing
security system installation,Housing
paintbrushes,Housing
Train pass,Transportation
Subway pass,Transportation
workbench,Housing
MLB Tickets,Entertainment
serum,Personal Care
EMI Group,Entertainment
MLS tickets,Entertainment
Parking Fees,Transportation
Airport shuttle,Transportation
Birkenstock,Miscellaneous
Haircut at Salon,Personal Care
Map/GPS device,Transportation
hair volumizer,Personal Care
fries,Food
Train pass,Transportation
glue,Housing
storage bins,Housing
floss,Housing
Charger,Technology
body lotion,Personal Care
shampoo,Housing
Mortage,Housing
Nike Shoes,Miscellanous
Danone,Food
Motorcycle insurance,Transportation
Christian Louboutin,Miscellaneous
razor,Housing
safety goggles,Housing
hand mask,Personal Care
AAA Car Insurance,Transportation
Whiteboard,School Supplies
Car repair,Transportation
shutters,Housing
Charger,Technology
Wireless mouse,Technology
Bottega Veneta,Miscellaneous
lip exfoliator,Personal Care
paintbrushes,Housing
Notebook,School Supplies
potatoes,Food
Tape,School Supplies
nail buffer,Personal Care
Guinness,Food
Whole Foods groceries,Food
Olaplex Bond Maintenance Shampoo,Personal Care
hair curler,Personal Care
Bus pass,Transportation
screws,Housing
flood insurance,Housing
Brake service,Transportation
face serum,Personal Care
bedding,Housing
Captain Morgan,Food
Sports car,Transportation
Slippers,Miscellaneous
tequila,Food
LA Fitness membership,Personal Care
body cream,Personal Care
peanuts,Food
Ocean Spray,Food
Classic car purchase,Transportation
lip balm,Personal Care
kitchen gadgets,Housing
workbench,Housing
Breyers,Food
Wearable tech,Technology
raspberries,Food
earthquake insurance,Housing
guacamole,Food
Dolce & Gabbana,Miscellaneous
Hulu,Entertainment
iced tea,Food
eye cream,Personal Care
Jacket,Miscellaneous
Portable battery pack,Technology
Train pass,Transportation
night primer,Personal Care
Universal Pictures,Entertainment
home cleaning service,Housing
eyeshadow,Personal Care
apple watch,Technology
Christian Louboutin,Miscellaneous
nail shaper,Personal Care
Movie tickets,Entertainment
safety goggles,Housing
Sara Lee,Food
Oral-B Pro 1000 Electric Toothbrush,Personal Care
Grey Goose,Food
paintbrushes,Housing
Parking tickets,Miscellanous
Google Play Music,Entertainment
hydrating mask,Personal Care
Jordan Shoes,Miscellanous
Lightbulbs,Miscellanous
Licensing fee,Transportation
Spotify,Entertainment
Helmet,Transportation
burritos,Food
Public transportation ticket,Transportation
stir-fry,Food
A-line dress,Miscellaneous
IKEA Malm Bed Frame,Housing
CrunchyRoll Subscription,Entertainment
pimple patches,Personal Care
waffles,Food
property survey fee,Housing
Physical therapy,Personal Care
air filters,Housing
Golf Course Fees,Miscellanous
Composition book,School Supplies
Godiva,Food
level,Housing
face moisturizer,Personal Care
Electric car purchase,Transportation
IKEA Nightstand,Housing
Basketball hoop,Miscellanous
Bread,Food
Beats headphones,Technology
flashlight,Housing
Interscope Records,Entertainment
Gasoline at Shell,Transportation
tomatoes,Food
SUV,Transportation
water bill,Housing
carrots,Food
body wash,Housing
Rideshare service (Uber/Lyft),Transportation
air filters,Housing
night mist,Personal Care
Coach,Miscellaneous
Jive Records,Entertainment
and BBC Studios,Entertainment
paint,Housing
Blue Diamond,Food
Souvenirs,Miscellanous
bagels,Food
disinfectant spray,Housing
Basketball hoop,Miscellanous
bucket,Housing
roof repair,Housing
foot spray,Personal Care
tape measure,Housing
Newsboy cap,Miscellaneous
eyebrow brush,Personal Care
body cream,Personal Care
The Coffee Bean Latte,Food
laundry detergent,Housing
Amazon Studios,Entertainment
electrical repairs,Housing
Kaiser Permanente Health Insurance,Personal Care
Tire replacement,Transportation
Nyquil Flu Medicine,Personal Care
Wilson basketball,Miscellanous
Calculators,School Supplies
Tax accountant bill,Miscellanous
onions,Food
bagels,Food
Computer,Technology
Public transportation card,Transportation
Gucci slides,Miscellanous
mouthwash,Housing
Transmission service,Transportation
Bottega Veneta,Miscellaneous
Cruise Tickets,Transportation
Macbook Case,Miscellanous
State Farm Home Insurance,Housing
disinfectant spray,Housing
Car wax,Transportation
green beans,Food
Salomon,Miscellaneous
Car detailing,Transportation
Motorcycle insurance,Transportation
home inspection fee,Housing
Mini skirt,Miscellaneous
air freshener,Housing
mineral water,Food
Denim jacket,Miscellaneous
renter's insurance,Housing
Ikea Couch,Housing
Colored pencils,School Supplies
Shift dress,Miscellaneous
Dog Food,Miscellanous
nail clippers,Personal Care
sports drinks,Food
Laptop,Technology
Caravan,Transportation
Turtleneck,Miscellaneous
Dictionary,School Supplies
SUV purchase,Transportation
non-alcoholic beers,Food
Pandora,Entertainment
Licensing fee,Transportation
Shorts,Miscellaneous
lobster,Food
night essence,Personal Care
nail scissors,Personal Care
tissues,Housing
workbench,Housing
Apples,Food
water bill,Housing
Adapters,Technology
Amusement Park Tickets,Entertainment
moving expenses,Housing
home automation,Housing
Patek Philippe,Miscellaneous
Budweiser,Food
Whiteboard markers,School Supplies
Dress,Miscellaneous
Van Cleef & Arpels,Miscellaneous
Knee-high boots,Miscellaneous
Valentino,Miscellaneous
Scissors,School Supplies
roof repair,Housing
Thesaurus,School Supplies
Reebok,Miscellaneous
conditioner,Personal Care
paintbrushes,Housing
flaxseeds,Food
Chinos,Miscellaneous
chili,Food
Universal Music Group,Entertainment
Lotion,Personal Care
shampoo,Housing
Exotic car,Transportation
mouthwash,Housing
Barbie Doll,Miscellanous
mangoes,Food
Screen protector,Technology
Monitor,Technology
pliers,Housing
hairspray,Personal Care
Unilever,Food
garbage bins,Housing
workbench,Housing
Trench coat,Miscellaneous
Flip-flops,Miscellaneous
Stock investments,Miscellanous
SD card,Technology
smart lights,Housing
carbon monoxide detectors,Housing
coconut oil,Food
disinfectant wipes,Housing
Highlighters,School Supplies
matches,Housing
Long-sleeve shirt,Miscellaneous
mascara,Personal Care
hot sauce,Food
paint,Housing
apple,Food
butter,Food
glue,Housing
Kikkoman,Food
Car lease,Transportation
security system monitoring,Housing
laundry hamper,Housing
perfume,Personal Care
Mobile data plan,Technology
candles,Housing
Fishing Bait,Miscellanous
pineapple,Food
Hublot,Miscellaneous
New Balance,Miscellaneous
Running shoes,Miscellaneous
Tidal,Entertainment
wrench,Housing
Movie tickets,Entertainment
pliers,Housing
pudding,Food
seitan,Food
tabbouleh,Food
acne mask,Personal Care
Prescription glasses,Personal Care
Patek Philippe,Miscellaneous
toothpaste,Housing
asparagus,Food
Peacoat,Miscellaneous
Patron,Food
Full-size car,Transportation
SSD,Technology
Island Records,Entertainment
Graphics card,Technology
face scrub,Personal Care
Starbucks Latte,Food
Philips Sonicare Toothbrush,Personal Care
Car,Transportation
dryer sheets,Housing
Car repair,Transportation
security system installation,Housing
DisneyLand Tickets,Entertainment
Parking fees,Transportation
Bucket hat,Miscellaneous
hammer,Housing
Compass,School Supplies
Scarf,Miscellaneous
body scrub,Personal Care
Platform shoes,Miscellaneous
shaving cream,Housing
kale,Food
Golf Bag,Miscellanous
Car detailing,Transportation
batteries,Housing
Parking permit,Transportation
Bucket hat,Miscellaneous
Public transportation card,Transportation
air filters,Housing
Tape,School Supplies
Sara Lee,Food
nail art pen,Personal Care
cake,Food
night cream,Personal Care
USB flash drive,Technology
lentils,Food
Kaiser Permanente Health Insurance,Personal Care
Legendary Entertainment,Entertainment
Food,Food
paintbrushes,Housing
hair gel,Personal Care
Internet service,Technology
face cleanser,Personal Care
Desktop,Technology
safety goggles,Housing
foot scrub,Personal Care
Gloves,Miscellaneous
IKEA Malm Bed Frame,Housing
Legendary Entertainment,Entertainment
shaving cream,Housing
light bulbs,Housing
Health supplements,Personal Care
septic system maintenance,Housing
Insurance,Transportation
Graphics card,Technology
sesame seeds,Food
appliances,Housing
caulk,Housing
ChatGPT 4.0,Technology
Monitor,Technology
Patron,Food
nails,Housing
Car lease,Transportation
Ecco,Miscellaneous
Amusement Park Tickets,Entertainment
Monitor Arms,Miscellanous
lighters,Housing
home insurance,Housing
lotion,Housing
Baby food,Food
Capri pants,Miscellaneous
Pepperidge Farm,Food
Fidget Spinner,Miscellanous
UFC Tickets,Entertainment
Tablet,Technology
shaving cream,Housing
Sweatpants,Miscellaneous
matches,Housing
Off-road vehicle,Transportation
conditioner,Housing
Netflix subscription,Entertainment
Lightbulbs,Miscellanous
screwdriver,Housing
ladder,Housing
eyebrow pencil,Personal Care
Jimmy Choo,Miscellaneous
The Coffee Bean Iced Coffee,Food
Crayons,School Supplies
UGG,Miscellaneous
Bertolli,Food
Bicycle maintenance,Transportation
Southwest Airlines Airfare,Transportation
gin,Food
Science Tutor,Personal Care
Mock-neck sweater,Miscellaneous
night emulsion,Personal Care
shower liner,Housing
ice cream,Food
mouthwash,Housing
General Mills,Food
shower curtain,Housing
Jose Cuervo,Food
makeup remover,Personal Care
Frito-Lay,Food
Train pass,Transportation
Olaplex No. 5 Bond Maintenance Conditioner,Personal Care
mangoes,Food
HOA insurance,Housing
Mouse,Technology
Crewneck sweater,Miscellaneous
Kahlua,Food
air freshener,Housing
Pet Leash,Miscellanous
canola oil,Food
Balmain,Miscellaneous
Calculator,School Supplies
ladder,Housing
mussels,Food
night mask,Personal Care
night mask,Personal Care
Redbull,Food
Eggs,Food
Maxi dress,Miscellaneous
Glue stick,School Supplies
Car purchase,Transportation
Budweiser,Food
paint,Housing
redbull,Food
water softener,Housing
RCA Records,Entertainment
Printer,Technology
almonds,Food
foot file,Personal Care
creme brulee,Food
Fuel,Transportation
workbench,Housing
Faux fur coat,Miscellaneous
Deodorant,Personal Care
acne treatment,Personal Care
Saint Laurent,Miscellaneous
Pet Clothes,Miscellanous
Givenchy,Miscellaneous
Piano lessons,Miscellanous
sodas,Food
Merrell,Miscellaneous
Hoodie,Miscellaneous
Brake service,Transportation
Floss,Personal Care
Pet Leash,Miscellanous
Vaseline,Personal Care
Nabisco,Food
Ameritas Dental Insurance,Personal Care
yogurt,Food
Amazon Music,Entertainment
Backpack,School Supplies
NFL tickets,Entertainment
fish,Food
Subway pass,Transportation
Golf Clubs,Miscellanous
Registration fee,Transportation
water softener,Housing
Keyboard,Technology
bar soap,Personal Care
locksmith services,Housing
Cargo pants,Miscellaneous
Champion sweatpants,Miscellanous
deep conditioner,Personal Care
heating bill,Housing
fire extinguisher maintenance,Housing
Quaker Oats,Food
Train ticket,Transportation
pet insurance,Housing
razor,Housing
Jimmy Choo,Miscellaneous
screws,Housing
night peel,Personal Care
water filter,Housing
Dolce & Gabbana,Miscellaneous
Hertz Car Rental,Personal Care
pliers,Housing
External SSD,Technology
Top hat,Miscellaneous
bread,Food
hand sanitizer,Housing
paella,Food
air filters,Housing
body wash,Personal Care
gelato,Food
appliances,Housing
Sneakers,Miscellaneous
Sneakers,Miscellanous
glue,Housing
Drinks,Food
shampoo,Housing
Beefeater,Food
pecans,Food
hand sanitizer,Housing
Christmas gifts,Miscellanous
Convertible,Transportation
tape measure,Housing
scones,Food
Hulu,Entertainment
renter's insurance,Housing
paper towels,Housing
Nike,Miscellaneous
floss,Housing
pesto,Food
Hatchback purchase,Transportation
night cream,Personal Care
soap,Housing
stews,Food
avocados,Food
Puma,Miscellaneous
level,Housing
Eggs,Food
Danone,Food
Parking fees,Transportation
peel-off mask,Personal Care
face mist,Personal Care
Car,Transportation
Ipad Case,Miscellanous
ADT home security system,Technology
rollers,Housing
hair spray,Personal Care
body oil,Personal Care
setting spray,Personal Care
night tonic,Personal Care
face wipes,Personal Care
foot mask,Personal Care
Movie Theatre,Entertainment
jellies,Food
nail cutter,Personal Care
Pepsi,Food
shower liner,Housing
level,Housing
Sunscreen,Personal Care
toothpaste,Housing
foot file,Personal Care
preserves,Food
cereal,Food
Car rental,Transportation
Binder clips,School Supplies
Fruit,Food
Public transportation card,Transportation
Humidifier,Technology
quiches,Food
cherries,Food
dry shampoo,Personal Care
Phone Holder,Miscellanous
Deli Meat,Food
Math Tutor,Personal Care
Tiffany & Co.,Miscellaneous
razor,Housing
Charity donations,Miscellanous
floss,Housing
foot powder,Personal Care
lentils,Food
Car,Transportation
Supercuts Haircut,Personal Care
shaving cream,Personal Care
Marc Jacobs,Miscellaneous
bubble mask,Personal Care
Humidifier,Technology
Republic Records,Entertainment
Haagen-Dazs,Food
Converse,Miscellaneous
iron,Housing
Post Holdings,Food
Router,Technology
water filter,Housing
zucchini,Food
Push pins,School Supplies
VR headset,Technology
Tights,Miscellaneous
hammer,Housing
Full-size car purchase,Transportation
Helmet,Transportation
night tonic,Personal Care
disinfectant spray,Housing
Coffee,Food
Car rental,Transportation
level,Housing
paint,Housing
Vegetables,Food
Battery replacement,Transportation
Bicycle accessories,Transportation
cocktails,Food
safety goggles,Housing
razor,Housing
disinfectant wipes,Housing
Frito-Lay,Food
paper towels,Housing
